{"cameraMode":{"drawMode":0,"name":"Shaded","section":"Shading Mode"},"sceneLighting":true,"audioPlay":false,"sceneViewState":{"showFog":true,"showMaterialUpdate":false,"showSkybox":true,"showFlares":true,"showImageEffects":true,"showParticleSystems":true,"showVisualEffectGraphs":true,"m_FxEnabled":true},"in2DMode":false,"pivot":{"x":-39.45823669433594,"y":5.705972194671631,"z":-16.696399688720704},"rotation":{"x":-0.27318015694618227,"y":-0.14333951473236085,"z":0.041204363107681277,"w":-0.9503341317176819},"size":42.588653564453128,"orthographic":false}